Age,WatchLaterMoviesByAge,SeenMoviesByAge,ClicksByAge,FuturePredictedMoviesCount
15,34,43,457,38
15,27,39,386,18
15,32,45,456,39
15,30,40,387,16
15,34,42,471,37
15,29,39,388,18
15,35,44,465,40
15,28,39,392,18
15,34,44,461,37
15,29,38,392,16
15,32,42,465,37
15,27,38,387,17
15,35,44,470,38
15,29,37,406,19
15,33,42,457,38
15,27,37,386,19
15,32,44,476,39
15,27,39,385,17
15,32,44,458,38
15,28,39,405,17
15,35,43,454,38
15,29,40,399,17
15,35,42,475,39
15,29,37,399,18
15,33,45,459,37
15,29,38,400,17
15,32,45,452,40
15,29,37,392,17
15,33,44,449,40
15,30,39,384,16
16,32,47,474,41
16,30,41,378,18
16,33,47,456,40
16,28,42,402,20
16,33,45,472,39
16,27,40,385,17
16,32,44,449,38
16,30,41,387,20
16,35,46,465,38
16,30,39,399,20
16,32,47,458,41
16,29,39,396,20
16,32,46,474,41
16,30,42,387,17
16,32,46,461,38
16,28,40,405,19
16,35,46,468,38
16,27,42,382,17
16,33,45,457,41
16,27,39,395,20
16,32,44,469,40
16,27,41,397,20
16,33,45,457,38
16,28,40,395,20
16,32,46,465,41
16,30,40,400,19
16,33,45,466,38
16,30,41,389,18
16,34,46,460,39
16,29,41,395,19
17,34,63,87,47
17,28,57,18,26
17,33,63,90,50
17,28,58,40,26
17,34,65,100,48
17,28,57,22,27
17,33,64,104,50
17,30,59,15,27
17,32,62,104,50
17,28,58,34,27
17,34,62,90,49
17,28,60,39,27
17,33,63,87,50
17,28,57,18,27
17,35,62,95,48
17,30,59,37,26
17,35,65,81,48
17,30,58,32,28
17,32,64,102,48
17,27,58,36,26
17,32,63,90,50
17,29,60,41,29
17,32,62,104,50
17,29,58,38,26
17,33,62,89,48
17,29,58,30,26
17,33,62,99,50
17,29,58,12,28
17,35,64,87,49
17,29,58,31,28
18,31,49,330,43
18,28,45,268,37
18,34,52,327,40
18,27,44,281,35
18,34,52,343,41
18,27,46,258,38
18,33,49,343,42
18,29,45,266,36
18,34,50,350,42
18,28,47,277,38
18,31,52,325,40
18,27,46,260,38
18,31,52,353,42
18,29,46,276,38
18,32,49,325,42
18,29,46,260,36
18,31,51,338,43
18,29,44,277,35
18,32,50,330,42
18,29,45,274,35
18,32,51,340,42
18,26,45,256,38
18,32,51,325,43
18,28,46,270,38
18,31,51,342,40
18,26,44,269,36
18,34,50,348,42
18,26,45,279,38
18,32,51,349,42
18,29,46,271,37
19,32,35,138,33
19,29,29,71,14
19,35,34,119,34
19,29,31,53,13
19,35,35,116,33
19,27,29,59,14
19,34,36,113,33
19,30,31,57,13
19,32,36,124,36
19,30,30,49,14
19,33,37,127,35
19,29,32,64,14
19,35,35,121,35
19,27,32,56,15
19,34,34,134,34
19,28,30,44,12
19,34,37,112,33
19,29,30,63,13
19,35,36,121,33
19,27,29,48,13
19,33,37,130,34
19,28,29,48,15
19,33,34,117,35
19,28,32,60,15
19,35,36,119,36
19,28,30,62,13
19,35,36,135,36
19,27,32,51,14
19,35,36,123,36
19,30,32,63,13
20,31,46,294,40
20,27,44,217,33
20,34,49,304,40
20,29,44,241,34
20,32,46,302,38
20,27,44,235,35
20,34,48,307,39
20,27,42,218,36
20,32,49,307,38
20,27,44,240,35
20,32,46,306,38
20,26,42,236,35
20,31,47,307,39
20,29,42,213,36
20,34,46,289,39
20,29,41,232,36
20,32,48,292,38
20,29,41,242,35
20,34,49,306,39
20,26,42,232,33
20,31,46,305,40
20,27,41,239,35
20,33,47,284,38
20,27,42,239,34
20,33,46,310,38
20,28,41,220,35
20,34,48,289,40
20,28,44,213,36
20,31,48,297,40
20,28,44,242,35
21,34,32,103,35
21,30,30,29,11
21,35,33,81,34
21,28,27,27,12
21,32,33,98,32
21,28,28,25,11
21,33,34,98,33
21,27,29,39,12
21,32,34,107,34
21,27,27,41,12
21,32,32,105,33
21,29,29,20,13
21,34,32,105,33
21,28,30,35,12
21,32,32,98,35
21,30,28,13,12
21,35,34,82,35
21,30,29,41,11
21,32,33,100,34
21,29,29,34,14
21,32,35,104,35
21,29,27,28,14
21,32,33,85,33
21,28,27,12,11
21,35,35,109,34
21,27,28,36,11
21,32,35,104,32
21,29,29,31,14
21,32,34,106,32
21,29,28,26,11
22,34,44,258,39
22,28,40,201,35
22,32,45,278,39
22,27,40,199,32
22,33,44,271,39
22,26,41,208,35
22,33,47,280,38
22,28,42,197,32
22,31,45,272,40
22,27,42,197,33
22,32,46,254,39
22,26,42,186,34
22,34,46,273,40
22,29,42,207,34
22,31,47,262,37
22,26,41,195,35
22,33,45,281,40
22,28,40,195,35
22,32,44,271,37
22,27,40,197,34
22,32,45,255,39
22,28,40,192,32
22,33,44,280,40
22,28,42,193,35
22,34,47,254,40
22,29,40,211,32
22,31,44,268,40
22,27,42,206,33
22,33,45,261,38
22,29,39,202,32
23,34,46,257,38
23,26,41,203,32
23,32,44,276,40
23,26,39,201,33
23,32,46,282,39
23,29,40,201,32
23,33,47,280,39
23,26,39,190,35
23,31,47,272,39
23,27,40,203,33
23,32,47,265,37
23,26,40,187,32
23,34,44,260,38
23,27,42,214,35
23,33,47,259,38
23,28,39,206,33
23,34,46,280,40
23,26,39,197,35
23,34,44,271,37
23,26,39,195,32
23,32,46,271,38
23,29,41,204,34
23,33,45,268,37
23,29,42,199,34
23,33,47,259,40
23,29,41,211,34
23,32,47,267,38
23,29,41,186,32
23,32,45,262,38
23,26,40,204,32
24,32,45,264,38
24,26,39,198,32
24,33,45,273,40
24,27,39,204,33
24,33,47,270,37
24,28,40,191,32
24,33,46,266,37
24,29,39,203,35
24,34,46,276,40
24,28,40,213,34
24,34,47,283,39
24,27,39,195,33
24,32,46,270,38
24,29,39,208,35
24,34,47,283,39
24,27,40,204,35
24,33,44,272,38
24,26,40,198,35
24,34,45,258,38
24,26,42,211,35
24,33,45,281,40
24,28,41,214,35
24,34,44,255,38
24,28,39,194,34
24,32,47,283,38
24,27,39,214,33
24,34,47,267,38
24,27,41,207,32
24,31,47,276,40
24,29,41,210,33
25,31,46,283,37
25,28,39,191,32
25,34,46,277,39
25,27,40,205,34
25,33,47,281,37
25,27,41,199,32
25,34,46,261,37
25,29,41,203,33
25,32,44,277,38
25,29,42,189,32
25,31,47,278,39
25,29,41,191,33
25,31,46,268,38
25,27,41,194,33
25,31,44,262,37
25,26,39,188,34
25,31,44,276,38
25,28,39,204,33
25,32,46,271,38
25,29,39,187,34
25,31,46,267,40
25,28,40,210,35
25,31,46,265,40
25,27,41,213,33
25,32,47,259,40
25,29,41,204,32
25,34,47,266,37
25,27,39,189,34
25,34,46,262,40
25,27,42,193,33
26,34,56,163,46
26,27,53,77,26
26,34,58,142,46
26,27,50,89,25
26,34,55,164,44
26,28,50,71,26
26,33,56,157,44
26,29,50,68,23
26,32,58,166,46
26,29,52,85,25
26,33,56,156,43
26,27,52,97,24
26,34,57,165,43
26,29,51,77,26
26,32,58,155,46
26,27,52,80,23
26,32,57,160,44
26,29,51,87,26
26,34,58,164,43
26,30,50,71,24
26,33,55,163,46
26,29,51,84,24
26,34,55,148,46
26,28,52,96,25
26,34,57,138,46
26,29,51,70,23
26,34,57,138,43
26,27,50,97,24
26,32,56,155,43
26,29,50,73,25
27,33,33,89,34
27,29,27,39,11
27,35,32,97,32
27,28,29,27,11
27,34,35,88,34
27,27,30,15,11
27,34,34,103,34
27,28,27,21,14
27,32,34,86,32
27,29,28,31,13
27,35,32,101,33
27,30,30,23,12
27,32,35,95,32
27,29,28,14,14
27,34,35,84,32
27,29,27,20,14
27,35,32,109,35
27,29,29,40,13
27,32,33,103,35
27,27,29,13,12
27,35,35,107,35
27,29,27,19,11
27,35,34,96,32
27,28,29,37,14
27,33,33,93,32
27,28,30,12,13
27,35,33,87,34
27,29,29,22,14
27,32,35,86,34
27,27,30,15,13
28,34,45,241,37
28,26,38,191,33
28,32,44,252,38
28,26,41,166,35
28,33,46,257,39
28,28,38,167,34
28,33,45,253,40
28,29,41,191,33
28,31,45,248,40
28,29,40,172,34
28,31,45,249,38
28,27,40,171,33
28,33,43,238,37
28,29,40,170,32
28,33,43,255,40
28,27,39,186,34
28,34,44,253,39
28,29,38,185,32
28,31,43,256,38
28,26,39,187,33
28,34,43,243,37
28,28,41,179,33
28,33,46,241,40
28,28,41,190,35
28,33,45,256,38
28,29,39,167,35
28,32,46,257,40
28,27,41,163,33
28,34,46,252,39
28,29,40,163,34
29,34,44,253,37
29,28,38,189,33
29,31,44,257,39
29,26,41,177,33
29,31,45,251,37
29,28,40,183,34
29,33,43,237,39
29,29,41,182,35
29,34,46,232,37
29,29,39,187,34
29,31,45,237,39
29,28,39,187,32
29,32,45,233,39
29,29,39,183,34
29,33,46,235,38
29,29,38,184,32
29,33,44,232,39
29,26,40,188,35
29,32,46,259,37
29,27,38,184,35
29,33,44,238,37
29,28,38,181,34
29,31,43,250,37
29,26,38,173,34
29,32,45,238,39
29,28,38,176,35
29,34,45,252,40
29,26,40,188,32
29,32,46,254,38
29,29,39,178,35
30,32,46,245,38
30,29,41,185,35
30,33,43,241,37
30,29,40,169,35
30,31,45,237,38
30,28,41,182,35
30,34,43,252,37
30,29,41,167,34
30,32,44,251,40
30,29,38,180,32
30,33,45,232,40
30,26,39,178,35
30,32,45,259,40
30,27,41,170,35
30,32,45,232,40
30,26,39,186,32
30,33,45,259,40
30,28,38,185,33
30,33,46,254,39
30,28,40,171,35
30,33,45,249,39
30,29,40,184,34
30,31,44,241,38
30,27,40,178,32
30,34,44,243,38
30,27,41,169,34
30,34,43,249,38
30,28,41,189,32
30,34,43,239,40
30,27,38,178,34
31,31,43,249,37
31,28,40,169,33
31,31,46,247,40
31,28,39,188,33
31,33,43,251,38
31,26,40,169,32
31,32,45,238,40
31,29,41,183,34
31,34,46,251,40
31,28,38,179,32
31,32,44,250,37
31,28,38,181,35
31,33,43,238,37
31,27,40,183,34
31,32,45,251,38
31,27,41,163,35
31,31,46,259,38
31,28,39,182,34
31,33,46,257,38
31,26,41,185,34
31,34,46,250,38
31,26,41,189,32
31,34,43,238,37
31,27,40,177,32
31,31,43,234,38
31,28,40,164,34
31,34,44,258,39
31,27,38,187,35
31,32,43,255,40
31,27,40,175,32
32,31,44,251,40
32,27,41,186,34
32,33,45,240,39
32,29,38,167,32
32,31,46,244,37
32,26,38,174,35
32,34,44,233,38
32,29,41,173,35
32,32,43,257,38
32,27,41,164,33
32,32,44,234,40
32,27,40,172,34
32,33,46,245,37
32,28,40,191,34
32,34,43,246,39
32,26,40,188,33
32,34,43,240,38
32,27,38,183,32
32,34,43,249,40
32,26,39,167,34
32,34,44,259,39
32,27,39,177,32
32,34,44,257,38
32,27,40,184,33
32,32,46,247,37
32,29,40,180,35
32,31,44,250,38
32,28,41,168,32
32,31,46,261,38
32,28,40,177,32
33,34,43,235,38
33,28,40,190,35
33,31,43,243,38
33,27,38,164,33
33,32,45,238,38
33,28,38,187,35
33,31,45,255,40
33,28,40,164,33
33,31,45,241,37
33,26,38,182,35
33,32,43,247,40
33,26,40,169,32
33,32,44,248,40
33,27,41,184,32
33,34,44,239,39
33,27,40,179,32
33,34,43,237,37
33,26,39,165,35
33,31,45,255,40
33,29,40,182,32
33,32,43,242,40
33,27,40,164,32
33,31,45,243,37
33,28,41,169,32
33,31,43,239,37
33,29,38,176,33
33,32,44,253,38
33,26,40,188,35
33,32,44,258,38
33,26,41,176,34
34,33,44,233,39
34,29,38,184,32
34,33,45,239,40
34,27,38,175,34
34,33,45,234,38
34,28,41,186,35
34,34,46,232,38
34,26,39,177,33
34,31,44,258,39
34,27,40,183,32
34,33,46,236,39
34,29,39,185,35
34,33,45,248,37
34,26,39,184,33
34,31,45,253,37
34,29,40,176,35
34,33,43,254,40
34,29,38,183,33
34,33,45,252,38
34,27,40,182,32
34,31,45,241,39
34,29,38,190,33
34,31,43,234,40
34,28,38,168,35
34,33,44,247,40
34,29,39,164,33
34,32,45,254,40
34,28,41,184,34
34,33,43,245,37
34,29,41,170,32
35,31,45,241,40
35,29,38,171,34
35,32,44,252,39
35,29,39,165,35
35,33,45,236,38
35,26,40,185,35
35,31,44,255,38
35,27,40,163,34
35,33,43,249,39
35,27,41,177,34
35,33,46,242,37
35,29,40,169,35
35,32,44,261,39
35,28,39,188,32
35,31,45,258,39
35,27,38,189,32
35,32,46,245,37
35,26,39,181,35
35,34,44,242,37
35,26,38,190,35
35,33,43,239,37
35,27,39,192,34
35,31,46,245,40
35,26,38,183,32
35,33,44,247,39
35,29,38,180,35
35,32,44,236,39
35,27,41,175,32
35,33,43,244,37
35,26,38,183,34
36,34,43,252,38
36,26,39,176,34
36,33,46,247,40
36,29,40,171,35
36,33,44,239,40
36,27,39,191,34
36,32,44,261,39
36,29,41,175,32
36,34,45,256,39
36,26,41,166,34
36,31,45,244,38
36,29,41,178,33
36,32,44,257,40
36,28,38,188,35
36,32,43,261,37
36,27,40,176,32
36,31,46,257,39
36,29,41,190,32
36,34,44,240,37
36,27,38,166,33
36,34,43,249,37
36,29,41,187,34
36,34,45,241,39
36,27,38,181,34
36,34,43,251,39
36,26,40,164,34
36,32,43,232,37
36,26,39,172,35
36,32,43,250,40
36,27,41,170,32
37,32,46,247,40
37,26,38,164,34
37,32,46,254,39
37,28,39,170,33
37,31,44,248,38
37,26,41,176,35
37,31,46,238,39
37,26,39,188,35
37,33,46,232,38
37,26,39,187,33
37,33,44,258,37
37,29,41,188,32
37,32,43,239,39
37,27,41,175,35
37,32,45,251,40
37,26,39,191,33
37,32,44,233,37
37,28,40,167,32
37,31,46,245,38
37,29,40,163,32
37,32,45,261,38
37,27,40,174,33
37,33,44,259,38
37,27,39,164,34
37,32,46,233,39
37,26,40,188,35
37,31,46,249,39
37,27,40,172,35
37,31,44,259,40
37,28,39,170,35
38,33,46,239,40
38,29,39,169,33
38,34,44,256,40
38,29,39,163,34
38,32,44,257,40
38,29,41,184,35
38,31,44,258,39
38,29,39,184,35
38,32,46,232,40
38,26,41,178,35
38,33,44,236,39
38,26,38,184,32
38,32,46,244,40
38,26,38,163,35
38,34,43,247,40
38,29,39,166,32
38,32,45,252,39
38,27,38,171,32
38,31,45,259,40
38,29,40,165,34
38,32,45,258,40
38,29,38,176,32
38,33,45,233,38
38,29,39,186,32
38,34,45,235,38
38,29,39,164,34
38,34,43,245,39
38,29,41,173,34
38,32,43,235,40
38,29,40,187,35
39,32,43,241,39
39,28,41,186,33
39,33,45,239,38
39,26,38,177,32
39,33,46,241,40
39,28,40,189,33
39,32,43,248,39
39,26,40,164,32
39,32,45,245,38
39,26,41,165,33
39,33,43,232,37
39,28,38,170,35
39,33,43,240,39
39,29,41,189,32
39,31,44,234,40
39,26,41,179,35
39,31,43,256,40
39,29,40,182,34
39,32,45,233,37
39,29,38,163,34
39,33,43,255,38
39,29,38,182,34
39,32,43,252,38
39,29,39,178,33
39,33,44,257,38
39,26,40,165,35
39,31,44,243,37
39,28,41,190,32
39,32,44,258,39
39,29,38,185,33
40,31,45,239,38
40,28,40,187,34
40,33,44,252,37
40,27,40,179,35
40,33,44,245,38
40,26,41,187,33
40,33,44,237,38
40,28,41,169,33
40,31,45,260,39
40,29,38,191,35
40,32,46,250,40
40,27,38,166,32
40,34,44,257,37
40,28,40,185,33
40,34,45,247,37
40,29,41,185,34
40,32,43,245,38
40,29,41,189,34
40,33,45,237,37
40,29,41,174,35
40,33,44,247,38
40,28,39,190,32
40,33,44,249,38
40,28,39,185,32
40,34,44,254,37
40,27,41,186,34
40,32,46,236,37
40,28,39,178,34
40,33,43,243,39
40,28,38,177,32
41,34,45,242,38
41,26,39,165,33
41,31,46,239,40
41,26,38,168,33
41,33,46,238,40
41,28,40,179,32
41,32,44,234,37
41,27,41,177,32
41,33,44,247,37
41,27,41,188,33
41,32,45,259,37
41,28,41,174,34
41,33,44,237,37
41,28,40,173,33
41,31,45,245,40
41,28,38,170,33
41,34,45,257,39
41,29,39,184,35
41,34,44,260,39
41,26,41,191,35
41,33,44,248,38
41,28,40,183,32
41,31,45,250,37
41,26,39,185,34
41,32,43,237,39
41,29,39,166,32
41,33,44,240,38
41,26,38,186,35
41,33,43,253,38
41,29,41,179,35
42,31,43,251,40
42,26,39,185,32
42,32,44,251,38
42,26,38,173,35
42,32,43,235,39
42,26,40,171,35
42,32,45,238,38
42,29,41,177,32
42,32,45,239,38
42,28,39,176,34
42,32,45,254,37
42,29,39,169,35
42,32,45,258,37
42,28,38,180,32
42,32,46,234,38
42,29,39,177,33
42,32,44,241,38
42,26,38,176,34
42,33,45,237,37
42,29,39,191,32
42,33,44,233,40
42,27,40,175,35
42,32,46,253,38
42,26,40,192,34
42,31,43,240,40
42,28,39,164,33
42,31,43,246,40
42,28,41,179,32
42,33,44,242,40
42,27,39,175,33
43,32,43,236,40
43,28,40,186,35
43,33,43,234,37
43,28,40,173,32
43,31,44,235,40
43,29,41,171,35
43,33,46,237,40
43,28,40,165,33
43,34,43,246,40
43,28,38,183,33
43,33,46,259,40
43,29,39,172,33
43,32,43,239,40
43,28,41,180,32
43,32,43,259,39
43,28,38,188,34
43,34,43,245,37
43,27,40,168,35
43,31,44,251,38
43,28,39,174,35
43,32,46,249,37
43,26,39,176,33
43,33,46,241,37
43,28,41,178,35
43,32,46,257,39
43,28,40,167,34
43,32,45,251,39
43,29,41,177,35
43,34,44,235,37
43,26,41,177,35
44,31,43,255,40
44,28,39,176,34
44,33,44,256,39
44,29,41,177,35
44,33,45,252,39
44,27,41,190,35
44,34,43,232,37
44,27,41,168,33
44,33,46,261,37
44,28,38,172,33
44,33,45,258,37
44,28,40,170,34
44,32,43,260,40
44,26,40,172,34
44,32,44,239,38
44,26,41,165,33
44,31,44,241,38
44,29,38,182,35
44,32,45,248,39
44,27,39,168,35
44,31,44,241,39
44,26,41,179,32
44,33,46,244,39
44,29,39,177,33
44,34,45,234,39
44,29,40,167,34
44,32,44,250,39
44,26,38,171,33
44,31,43,233,38
44,27,39,187,33
45,34,44,238,40
45,29,38,178,32
45,32,46,234,38
45,28,38,187,35
45,34,44,256,39
45,28,39,163,35
45,32,46,249,38
45,28,41,185,34
45,34,46,233,38
45,26,41,176,32
45,33,44,253,39
45,27,38,182,32
45,34,45,247,40
45,28,41,177,34
45,31,46,249,38
45,28,39,164,35
45,34,46,251,38
45,26,41,177,35
45,34,43,253,40
45,27,41,179,33
45,31,44,236,40
45,29,38,175,32
45,34,44,240,39
45,28,41,179,34
45,33,45,260,37
45,27,38,180,35
45,32,46,253,39
45,27,39,187,34
45,34,46,237,39
45,28,41,177,35
46,33,45,259,39
46,26,38,187,33
46,33,43,238,38
46,28,40,183,34
46,33,46,245,37
46,27,41,189,34
46,32,43,241,37
46,27,41,180,33
46,31,43,260,38
46,29,39,187,35
46,31,45,244,38
46,26,41,192,35
46,34,46,254,37
46,29,39,190,34
46,31,44,261,38
46,27,39,187,32
46,33,46,246,40
46,28,41,164,35
46,34,45,236,39
46,29,41,190,34
46,31,44,238,37
46,26,38,179,34
46,31,44,239,37
46,28,40,188,34
46,34,46,254,37
46,27,39,192,34
46,33,43,238,38
46,26,40,171,32
46,34,46,253,38
46,29,39,190,32
47,32,44,242,40
47,28,38,192,33
47,33,45,258,38
47,28,40,165,35
47,32,46,245,40
47,27,40,175,35
47,34,43,257,39
47,26,38,173,32
47,34,43,254,39
47,26,41,185,33
47,31,45,236,38
47,27,39,165,33
47,31,44,252,40
47,26,41,173,32
47,31,45,235,37
47,27,39,180,33
47,32,45,260,40
47,26,38,175,33
47,33,43,247,37
47,26,39,182,33
47,34,43,256,39
47,29,40,163,33
47,31,44,240,40
47,27,40,165,33
47,33,43,232,37
47,29,38,192,32
47,33,43,232,39
47,28,40,188,33
47,33,45,251,39
47,29,40,183,32
48,31,45,254,37
48,29,40,187,35
48,34,45,244,39
48,29,38,167,33
48,33,43,240,38
48,29,40,181,34
48,31,46,250,40
48,28,40,171,34
48,33,44,251,39
48,28,40,185,34
48,32,46,259,37
48,28,40,164,33
48,33,43,252,37
48,27,40,176,35
48,32,43,234,37
48,29,41,189,35
48,32,45,249,37
48,27,38,177,34
48,31,44,242,37
48,27,41,168,35
48,32,44,254,39
48,29,39,170,34
48,32,44,244,39
48,28,41,167,32
48,32,44,260,38
48,28,38,171,32
48,32,43,239,39
48,29,40,174,34
48,31,46,244,40
48,26,39,189,32
49,34,43,255,39
49,28,40,181,33
49,34,44,249,38
49,28,38,170,32
49,31,46,251,37
49,29,39,168,32
49,33,45,251,37
49,29,41,167,33
49,33,44,260,39
49,28,41,185,32
49,34,45,260,38
49,26,41,183,35
49,31,43,249,40
49,26,38,180,34
49,34,43,240,38
49,27,40,176,32
49,33,46,247,40
49,29,40,175,35
49,33,46,255,37
49,29,41,184,35
49,31,43,238,39
49,28,39,177,33
49,32,45,234,38
49,29,40,169,35
49,32,46,254,38
49,29,38,185,33
49,34,44,248,38
49,26,39,189,33
49,34,44,236,40
49,28,40,166,35
50,32,43,259,40
50,26,38,167,34
50,34,44,259,37
50,26,38,173,32
50,33,43,243,39
50,28,40,179,34
50,34,46,254,37
50,26,39,179,33
50,32,45,260,37
50,29,40,174,32
50,32,45,254,38
50,29,40,167,33
50,31,46,234,38
50,27,39,187,33
50,31,43,235,39
50,29,41,189,35
50,34,45,261,39
50,26,41,183,34
50,33,44,244,39
50,26,38,182,35
50,31,43,260,40
50,28,41,187,35
50,33,46,258,37
50,26,41,184,33
50,33,43,240,38
50,29,38,167,34
50,33,44,250,37
50,29,39,164,35
50,33,43,244,37
50,27,39,174,35
51,32,44,248,39
51,29,41,171,34
51,31,46,257,38
51,26,38,174,34
51,31,44,258,40
51,26,41,185,33
51,32,45,243,37
51,27,41,192,35
51,33,44,249,37
51,26,40,163,35
51,33,45,246,37
51,27,39,175,35
51,31,45,260,38
51,29,38,185,32
51,32,46,251,37
51,29,38,189,32
51,31,44,261,40
51,27,40,171,32
51,32,44,237,37
51,28,40,165,33
51,32,44,241,40
51,26,38,178,34
51,31,44,242,39
51,29,40,164,33
51,33,46,232,37
51,26,38,181,35
51,31,44,234,38
51,29,38,174,34
51,33,45,240,38
51,29,41,170,33
52,34,44,253,38
52,28,38,168,32
52,31,44,236,39
52,27,40,189,34
52,34,44,257,39
52,27,41,166,34
52,33,44,238,38
52,28,41,175,34
52,33,43,251,39
52,28,38,190,33
52,34,46,244,39
52,26,40,180,33
52,34,44,248,39
52,28,41,187,35
52,34,43,259,38
52,28,40,181,34
52,32,44,232,38
52,28,40,185,32
52,33,44,253,39
52,28,38,166,34
52,33,43,241,38
52,27,40,165,34
52,33,44,246,39
52,29,39,178,34
52,33,43,236,37
52,29,39,178,35
52,31,44,242,38
52,27,41,189,34
52,31,46,235,37
52,26,39,188,35
53,33,46,241,39
53,26,41,187,35
53,31,44,241,39
53,27,39,189,35
53,32,43,237,38
53,26,39,191,33
53,31,44,242,39
53,27,38,171,33
53,32,46,256,37
53,29,38,169,33
53,31,44,233,37
53,29,41,169,33
53,31,44,248,37
53,26,41,191,33
53,31,44,250,37
53,28,41,166,34
53,32,46,247,38
53,27,40,169,34
53,34,44,247,39
53,27,38,177,32
53,34,44,235,38
53,29,38,184,34
53,34,44,236,39
53,28,41,179,32
53,33,46,249,38
53,29,40,164,34
53,34,43,240,39
53,26,38,191,32
53,31,43,241,40
53,28,39,186,34
54,33,46,251,39
54,26,40,165,34
54,34,44,243,40
54,28,39,190,34
54,33,44,241,38
54,26,41,171,33
54,34,46,238,40
54,29,38,181,35
54,31,46,236,39
54,26,41,175,34
54,31,45,246,38
54,28,40,164,34
54,31,44,240,37
54,29,41,173,32
54,34,45,235,38
54,28,40,187,32
54,33,44,234,38
54,28,40,192,32
54,34,44,240,40
54,28,38,177,35
54,32,43,254,39
54,27,38,178,32
54,33,46,236,40
54,28,38,175,34
54,32,44,243,38
54,26,41,166,33
54,32,44,237,39
54,28,41,185,32
54,34,45,246,38
54,27,40,183,33
55,31,43,239,38
55,28,39,170,32
55,31,44,255,40
55,26,41,183,34
55,32,46,256,39
55,28,41,175,35
55,32,45,242,39
55,27,41,176,34
55,31,44,244,38
55,26,38,179,35
55,34,46,233,38
55,27,41,189,34
55,31,45,239,39
55,28,39,178,33
55,31,45,241,40
55,28,40,181,33
55,33,43,249,39
55,27,41,181,33
55,31,46,249,37
55,27,38,169,35
55,31,46,244,39
55,28,40,191,33
55,31,44,254,37
55,26,41,179,35
55,32,46,257,39
55,26,40,179,33
55,33,44,235,40
55,29,38,166,35
55,34,44,240,37
55,28,38,165,34
56,34,45,259,39
56,26,39,164,32
56,34,46,241,39
56,27,41,178,32
56,34,44,257,38
56,26,41,175,33
56,34,46,248,39
56,28,39,169,32
56,32,43,234,37
56,27,38,189,32
56,32,45,254,37
56,28,41,175,32
56,33,43,241,37
56,26,41,168,33
56,31,44,246,40
56,27,39,168,33
56,33,46,234,37
56,27,41,180,35
56,32,43,256,40
56,28,38,187,34
56,34,45,236,40
56,26,38,168,35
56,31,43,231,40
56,27,38,175,35
56,32,45,234,39
56,27,38,186,35
56,31,43,250,38
56,29,41,175,35
56,33,45,248,38
56,29,38,180,34
57,31,45,256,38
57,28,38,190,35
57,33,44,236,40
57,28,40,189,34
57,33,45,246,37
57,26,41,163,35
57,34,44,245,39
57,26,40,189,33
57,34,44,231,37
57,27,41,163,33
57,34,43,255,39
57,29,39,185,33
57,31,46,243,38
57,27,39,184,34
57,33,45,252,37
57,29,40,168,34
57,32,45,255,40
57,27,40,163,33
57,31,45,258,40
57,26,40,178,34
57,34,44,252,37
57,28,41,165,32
57,34,45,249,40
57,29,40,182,33
57,33,43,259,40
57,28,38,180,34
57,32,46,231,40
57,28,38,166,33
57,33,44,231,38
57,27,40,180,32
58,33,43,259,38
58,28,41,188,34
58,34,43,251,37
58,27,39,181,35
58,34,45,260,38
58,29,39,186,32
58,32,46,236,40
58,28,40,170,33
58,34,43,232,37
58,29,41,189,33
58,32,43,238,40
58,26,41,184,33
58,34,43,259,40
58,27,41,162,33
58,32,45,241,40
58,26,38,171,34
58,34,43,240,38
58,27,38,163,35
58,33,43,248,39
58,26,40,181,35
58,33,44,251,37
58,27,40,172,32
58,31,46,245,38
58,26,38,178,32
58,34,43,233,40
58,26,41,168,32
58,34,46,231,40
58,28,41,175,32
58,31,44,242,40
58,29,39,183,33
59,32,46,234,40
59,26,39,164,32
59,33,44,239,37
59,29,40,168,34
59,34,43,238,39
59,29,41,165,33
59,32,46,246,37
59,29,41,163,33
59,34,43,253,40
59,28,41,187,34
59,31,45,255,40
59,28,40,188,35
59,31,45,235,39
59,26,40,181,33
59,34,43,258,38
59,27,38,172,34
59,31,45,238,39
59,27,41,175,35
59,32,46,240,37
59,29,40,178,35
59,34,45,249,38
59,26,41,174,34
59,33,43,250,39
59,27,39,167,35
59,34,46,240,38
59,26,41,167,34
59,33,44,238,40
59,29,41,183,33
59,31,44,233,39
59,29,39,180,33
15,38,35,410,34
15,26,28,319,8
15,38,35,389,36
15,28,24,343,8
15,38,35,394,35
15,25,27,336,9
15,37,35,403,35
15,28,25,331,9
15,34,35,397,35
15,27,27,334,12
15,36,38,387,36
15,28,25,334,12
15,35,37,400,38
15,24,27,327,8
15,35,34,391,36
15,28,24,346,10
15,36,38,407,35
15,27,27,338,9
15,37,37,402,34
15,24,24,335,8
15,34,36,413,35
15,26,27,333,9
15,35,37,400,34
15,25,27,330,11
15,34,34,391,36
15,28,27,346,10
15,35,36,415,37
15,26,27,331,8
15,37,37,407,37
15,28,27,322,9
16,35,36,325,34
16,24,28,259,9
16,34,34,338,35
16,26,25,258,12
16,38,37,330,37
16,28,25,282,10
16,34,37,340,37
16,26,26,272,12
16,36,36,334,38
16,24,24,256,9
16,35,34,354,38
16,28,24,265,8
16,34,34,348,36
16,27,27,285,11
16,37,35,354,36
16,24,24,271,9
16,34,34,325,38
16,26,26,274,8
16,38,36,342,38
16,24,25,275,9
16,36,35,352,37
16,27,27,274,8
16,38,38,352,38
16,28,27,271,9
16,38,35,336,36
16,26,27,265,11
16,37,34,343,36
16,24,27,274,9
16,37,38,340,38
16,28,25,259,8
17,38,36,93,34
17,28,24,27,10
17,36,38,84,35
17,25,26,27,8
17,38,36,105,34
17,26,24,24,12
17,37,38,92,38
17,26,24,28,12
17,35,34,81,34
17,28,24,14,9
17,34,34,93,35
17,25,25,34,10
17,36,37,108,38
17,28,25,18,9
17,35,34,89,38
17,24,24,15,8
17,38,34,87,35
17,27,27,27,11
17,37,35,85,35
17,28,24,18,11
17,36,35,83,38
17,26,24,12,9
17,36,36,101,36
17,26,28,21,9
17,36,35,83,35
17,24,28,39,9
17,36,34,110,36
17,26,26,22,10
17,36,38,94,37
17,25,27,28,10
18,34,35,278,37
18,26,23,214,23
18,37,34,280,36
18,27,25,206,23
18,37,34,290,34
18,28,26,203,24
18,36,36,281,35
18,24,23,209,26
18,35,34,266,35
18,24,25,203,26
18,35,35,265,34
18,27,27,209,27
18,35,34,288,36
18,24,23,204,23
18,38,34,285,36
18,25,24,212,24
18,38,34,287,36
18,25,23,207,25
18,34,35,291,35
18,28,24,217,24
18,34,35,289,35
18,25,27,203,25
18,37,34,267,35
18,28,26,216,26
18,34,34,285,36
18,27,27,223,24
18,36,33,281,34
18,27,26,214,25
18,35,36,275,33
18,24,23,215,23
19,37,38,89,34
19,26,27,33,8
19,38,36,106,38
19,26,24,34,11
19,36,35,111,34
19,27,28,38,10
19,35,37,104,36
19,24,24,15,11
19,34,34,92,35
19,28,27,31,9
19,35,37,109,37
19,25,27,35,12
19,37,35,86,35
19,26,28,28,10
19,37,35,112,38
19,27,26,34,12
19,35,34,101,35
19,26,24,37,11
19,36,35,112,35
19,24,25,28,8
19,35,38,113,34
19,27,28,44,12
19,38,38,85,36
19,24,26,38,8
19,34,37,112,37
19,26,27,40,8
19,34,35,109,38
19,24,24,36,9
19,37,35,101,36
19,28,26,44,8
20,35,35,239,37
20,27,27,189,26
20,36,37,244,33
20,28,26,188,24
20,34,36,244,36
20,27,25,172,26
20,38,34,246,34
20,28,24,186,27
20,37,35,229,33
20,28,27,162,24
20,37,33,254,35
20,24,23,183,23
20,38,37,248,33
20,27,26,170,27
20,35,36,231,33
20,27,27,165,26
20,37,37,250,36
20,26,23,182,26
20,36,35,254,37
20,25,27,182,26
20,36,34,247,37
20,27,23,162,27
20,34,36,233,35
20,28,27,177,24
20,34,37,240,37
20,28,26,183,24
20,38,33,238,36
20,26,23,186,25
20,38,37,232,35
20,26,26,169,27
21,35,38,105,35
21,25,28,35,11
21,36,37,85,36
21,25,26,34,8
21,34,37,87,38
21,28,27,28,12
21,38,36,81,36
21,28,27,12,11
21,35,34,103,34
21,24,27,34,9
21,37,37,105,34
21,26,28,33,8
21,34,36,98,37
21,28,25,34,9
21,38,37,105,38
21,24,26,38,12
21,36,34,108,37
21,25,25,35,9
21,35,34,84,35
21,28,24,32,10
21,34,34,107,37
21,28,25,24,10
21,38,35,105,38
21,28,27,32,12
21,36,38,100,36
21,27,28,19,12
21,37,34,95,36
21,25,26,25,11
21,36,34,85,34
21,26,26,20,9
22,37,35,213,36
22,28,27,166,26
22,36,35,236,33
22,25,26,167,23
22,37,34,212,36
22,24,27,154,27
22,34,33,225,34
22,28,27,142,27
22,35,35,217,33
22,24,24,167,24
22,34,34,234,36
22,24,26,167,24
22,38,33,213,37
22,25,23,143,26
22,35,34,225,35
22,24,23,139,24
22,36,34,218,36
22,27,26,165,25
22,37,36,211,36
22,26,27,156,27
22,38,37,223,35
22,27,24,142,26
22,36,33,227,33
22,26,24,151,24
22,35,33,217,34
22,25,25,147,24
22,38,33,215,35
22,24,25,154,27
22,38,36,213,34
22,28,25,149,26
23,37,33,214,35
23,25,26,157,26
23,37,35,230,37
23,26,26,157,26
23,36,33,212,35
23,28,25,152,24
23,38,34,225,33
23,28,27,144,24
23,36,34,228,36
23,27,23,144,24
23,37,35,220,35
23,26,26,143,25
23,35,37,235,37
23,26,25,163,26
23,34,37,234,36
23,28,27,141,26
23,35,33,227,34
23,28,26,149,27
23,37,34,220,34
23,27,26,158,23
23,36,33,220,36
23,27,25,161,23
23,38,35,235,35
23,27,23,168,27
23,35,37,227,33
23,24,25,157,24
23,34,33,211,34
23,25,26,145,24
23,38,35,219,36
23,25,23,164,26
24,37,33,213,33
24,28,23,155,24
24,37,37,218,33
24,26,24,147,25
24,35,33,219,36
24,26,23,158,27
24,34,34,225,33
24,27,25,154,25
24,38,35,210,36
24,24,27,165,25
24,34,33,216,34
24,26,26,154,25
24,34,34,215,37
24,28,25,164,27
24,36,33,224,34
24,28,25,145,27
24,38,37,229,37
24,28,26,164,24
24,36,37,233,33
24,27,25,154,24
24,35,34,216,35
24,28,27,155,26
24,37,37,220,37
24,26,24,160,25
24,34,33,217,36
24,26,25,147,24
24,37,33,214,34
24,27,25,141,23
24,34,37,221,33
24,24,27,152,23
25,37,35,212,33
25,28,23,143,25
25,38,34,214,37
25,27,23,165,26
25,34,35,212,35
25,26,27,143,26
25,35,33,232,35
25,28,27,142,26
25,35,33,218,33
25,28,25,148,27
25,35,37,216,35
25,26,27,144,24
25,38,36,236,36
25,28,23,167,26
25,36,35,225,33
25,25,23,138,26
25,38,33,233,33
25,24,24,159,27
25,37,34,233,35
25,24,23,154,27
25,36,36,225,36
25,28,26,144,24
25,37,34,218,36
25,24,27,161,23
25,35,33,228,36
25,25,23,144,23
25,34,35,233,35
25,27,24,138,26
25,35,33,214,35
25,24,25,155,27
26,35,35,104,34
26,27,24,12,8
26,34,35,99,37
26,27,24,35,10
26,36,38,105,36
26,24,24,34,9
26,34,37,87,36
26,28,24,15,9
26,35,37,82,35
26,25,25,12,10
26,38,36,107,36
26,25,27,37,10
26,38,36,101,36
26,24,25,23,12
26,35,37,85,34
26,28,27,12,11
26,37,35,91,34
26,28,26,36,8
26,34,36,88,36
26,27,28,26,10
26,38,38,101,35
26,28,28,31,9
26,36,35,91,34
26,27,27,41,12
26,35,37,93,37
26,28,24,16,9
26,37,36,93,35
26,24,25,36,8
26,37,35,89,34
26,28,25,19,10
27,36,35,82,35
27,27,24,20,10
27,36,37,103,36
27,24,25,15,10
27,34,36,105,34
27,28,28,33,8
27,34,37,104,37
27,24,26,26,11
27,34,37,93,35
27,24,26,22,8
27,37,36,94,38
27,25,24,24,11
27,37,34,102,38
27,27,25,13,8
27,38,35,84,35
27,27,28,27,12
27,37,34,110,35
27,27,25,19,12
27,38,37,110,38
27,27,28,28,8
27,36,38,99,38
27,27,27,12,8
27,36,35,97,36
27,27,25,17,8
27,34,38,81,34
27,27,28,41,8
27,34,34,103,37
27,27,27,35,11
27,38,36,110,37
27,25,26,41,8
28,35,33,214,37
28,24,24,119,26
28,36,37,204,35
28,24,27,129,27
28,34,35,197,34
28,26,23,124,24
28,38,36,197,36
28,27,23,134,24
28,35,36,190,36
28,26,27,139,23
28,34,33,188,37
28,28,24,120,26
28,35,37,201,33
28,25,25,144,25
28,37,35,207,34
28,26,23,144,26
28,37,37,201,36
28,25,26,121,25
28,37,34,196,37
28,25,23,122,24
28,34,33,212,35
28,25,24,134,25
28,37,35,212,37
28,24,23,128,27
28,37,35,209,33
28,26,25,142,23
28,35,37,191,35
28,25,25,148,26
28,36,34,212,33
28,28,24,139,23
29,36,35,211,33
29,24,24,140,23
29,35,34,205,33
29,26,25,135,27
29,35,35,208,33
29,27,27,146,26
29,36,37,192,34
29,24,24,120,24
29,34,36,192,34
29,28,26,140,24
29,37,35,207,33
29,24,27,145,25
29,37,33,210,33
29,25,24,141,27
29,35,34,198,37
29,28,24,141,24
29,36,35,200,34
29,24,23,120,27
29,38,37,211,37
29,24,26,130,27
29,37,34,210,35
29,27,23,136,25
29,37,36,198,36
29,24,24,125,24
29,36,37,213,37
29,24,25,142,25
29,36,33,196,35
29,27,24,123,26
29,37,36,195,37
29,27,24,122,26
30,38,34,214,36
30,24,25,146,27
30,36,33,210,34
30,28,25,129,25
30,35,35,204,35
30,25,26,120,24
30,38,33,205,35
30,26,23,126,23
30,38,36,208,33
30,28,23,137,23
30,35,37,201,35
30,24,27,136,23
30,37,34,204,33
30,28,25,133,26
30,37,34,215,34
30,28,26,128,25
30,38,33,212,37
30,25,24,119,25
30,34,34,208,34
30,24,25,145,23
30,35,35,195,35
30,27,26,133,23
30,38,36,200,35
30,24,23,148,27
30,34,36,214,33
30,26,23,137,25
30,34,33,210,34
30,25,26,131,23
30,35,34,206,37
30,25,26,125,25
31,36,36,203,36
31,27,23,136,27
31,35,34,207,35
31,25,24,139,24
31,38,35,206,33
31,28,23,148,26
31,38,37,214,37
31,25,26,121,25
31,36,34,204,33
31,27,27,125,23
31,35,37,195,33
31,26,23,141,23
31,36,35,205,36
31,27,23,138,23
31,38,33,198,35
31,24,26,130,27
31,37,33,210,37
31,24,23,124,25
31,35,37,199,35
31,25,24,131,24
31,35,37,192,34
31,25,24,146,27
31,38,33,212,35
31,27,27,146,24
31,36,36,199,37
31,27,27,126,27
31,36,35,214,37
31,26,27,124,25
31,38,33,203,34
31,27,24,126,25
32,35,37,200,35
32,26,25,125,25
32,36,36,191,36
32,26,25,122,27
32,35,36,216,37
32,25,23,139,23
32,35,33,204,37
32,25,27,143,27
32,37,35,210,37
32,24,24,127,26
32,34,33,199,35
32,26,24,134,26
32,35,37,215,33
32,28,25,137,24
32,37,35,196,37
32,24,27,132,26
32,38,33,200,37
32,27,27,140,27
32,36,36,208,34
32,25,27,135,24
32,36,33,194,37
32,28,26,138,26
32,38,33,212,35
32,28,23,145,25
32,37,37,205,36
32,27,26,142,27
32,35,33,217,36
32,25,23,122,25
32,35,37,196,33
32,27,25,128,24
33,38,34,211,37
33,28,24,142,26
33,34,37,204,35
33,26,24,124,25
33,34,36,205,37
33,24,23,126,27
33,35,37,212,35
33,25,25,138,23
33,38,37,200,36
33,26,25,130,23
33,36,35,213,37
33,26,26,140,26
33,37,34,192,37
33,26,26,134,27
33,37,36,214,34
33,25,25,145,26
33,36,35,212,33
33,27,26,123,25
33,35,37,197,35
33,28,23,148,24
33,35,35,208,34
33,28,25,139,25
33,37,34,202,37
33,25,24,141,26
33,34,35,199,34
33,26,27,119,23
33,35,35,191,34
33,27,26,142,23
33,34,37,191,36
33,24,23,126,23
34,37,33,195,33
34,24,27,141,25
34,34,33,216,36
34,24,27,134,26
34,36,36,214,35
34,25,23,133,26
34,35,35,206,37
34,28,24,139,23
34,36,36,189,33
34,27,24,139,24
34,37,37,194,36
34,24,27,132,26
34,34,37,215,35
34,24,27,123,26
34,38,33,203,34
34,24,25,138,23
34,37,35,192,34
34,27,24,123,27
34,35,35,188,33
34,25,24,122,24
34,34,34,200,35
34,26,25,125,23
34,37,36,195,36
34,24,25,134,26
34,35,37,200,36
34,28,25,121,24
34,38,37,203,36
34,25,23,132,25
34,35,35,193,36
34,24,26,147,26
35,36,33,215,34
35,27,23,124,27
35,38,35,211,36
35,24,25,142,25
35,36,37,217,34
35,24,23,131,23
35,35,35,206,35
35,25,26,137,25
35,34,35,211,34
35,24,27,135,26
35,38,37,192,35
35,27,27,126,23
35,37,34,200,33
35,25,23,132,27
35,34,33,200,36
35,27,27,144,26
35,35,35,204,33
35,27,23,144,23
35,34,33,203,33
35,24,24,125,26
35,34,35,206,34
35,26,25,135,25
35,34,34,210,37
35,28,26,135,23
35,34,36,195,33
35,28,24,128,23
35,38,34,191,35
35,25,26,143,27
35,35,35,204,37
35,26,24,132,23
36,38,36,201,36
36,24,25,147,26
36,36,33,212,36
36,27,23,139,25
36,36,37,204,36
36,27,26,127,24
36,38,35,191,36
36,28,23,121,23
36,36,34,190,33
36,26,26,132,24
36,35,35,200,34
36,27,24,132,23
36,37,33,205,34
36,25,24,148,26
36,34,36,191,33
36,24,26,130,25
36,34,34,212,35
36,28,24,137,25
36,38,34,216,33
36,25,25,122,25
36,35,34,210,37
36,24,25,141,24
36,35,34,201,35
36,26,25,126,25
36,37,34,204,37
36,25,27,120,26
36,35,34,203,36
36,25,23,128,26
36,36,37,213,33
36,27,24,139,26
37,36,36,205,34
37,27,27,132,24
37,37,36,212,36
37,24,27,143,26
37,36,35,207,36
37,28,24,140,26
37,34,35,215,36
37,28,24,129,23
37,36,34,204,36
37,28,24,131,27
37,35,36,197,35
37,28,26,133,26
37,35,34,208,35
37,28,23,129,27
37,35,33,197,34
37,24,24,143,27
37,36,36,209,35
37,24,23,146,24
37,37,37,214,35
37,24,23,141,25
37,36,36,211,35
37,24,23,139,25
37,38,34,209,35
37,26,27,122,24
37,38,35,199,34
37,26,27,136,24
37,34,36,203,35
37,25,24,133,25
37,38,34,193,37
37,28,26,133,23
38,34,36,206,34
38,25,27,125,25
38,34,37,215,34
38,24,24,124,27
38,36,37,208,37
38,24,23,132,26
38,36,34,194,34
38,25,26,126,27
38,38,33,200,37
38,24,26,135,27
38,38,37,212,37
38,26,23,124,27
38,37,33,197,34
38,28,25,145,23
38,37,36,216,37
38,24,25,124,23
38,34,35,207,37
38,27,25,144,24
38,36,34,209,34
38,26,25,120,24
38,37,36,193,36
38,24,24,138,24
38,38,33,208,33
38,24,25,127,23
38,38,36,208,35
38,26,26,126,27
38,37,34,198,35
38,24,27,145,25
38,34,36,206,35
38,24,27,137,26
39,37,35,216,35
39,27,25,122,26
39,35,33,213,36
39,25,27,122,27
39,35,34,215,33
39,26,27,123,23
39,34,34,217,36
39,25,24,137,26
39,35,36,207,35
39,27,27,135,26
39,37,37,205,33
39,27,24,134,27
39,34,35,190,37
39,25,24,145,24
39,37,34,198,37
39,25,24,131,27
39,33,33,216,33
39,27,26,121,25
39,34,36,203,34
39,27,27,128,23
39,34,33,207,33
39,25,23,144,23
39,33,34,203,36
39,27,26,136,26
39,33,33,203,33
39,26,24,136,24
39,36,33,193,33
39,27,24,122,23
39,36,34,202,34
39,23,26,140,27
40,35,34,208,34
40,24,26,142,24
40,35,34,203,33
40,27,23,140,23
40,37,36,195,33
40,27,25,126,27
40,33,35,194,33
40,24,24,122,26
40,36,36,192,37
40,25,27,146,24
40,33,33,198,36
40,24,23,130,24
40,35,35,195,34
40,25,25,123,27
40,34,36,212,34
40,27,25,148,26
40,33,37,198,36
40,26,24,148,23
40,35,35,211,36
40,25,25,123,27
40,34,34,190,37
40,23,24,124,23
40,35,35,197,36
40,26,24,138,27
40,37,35,210,33
40,23,27,138,27
40,35,35,202,36
40,27,25,142,26
40,36,33,197,34
40,26,27,125,27
41,34,35,197,37
41,24,27,127,25
41,37,36,212,34
41,25,24,144,27
41,36,35,199,33
41,27,24,127,26
41,35,33,199,37
41,24,27,129,24
41,35,37,196,35
41,23,26,136,23
41,33,35,191,36
41,23,23,122,24
41,33,37,214,37
41,27,26,136,24
41,37,35,189,37
41,24,27,125,23
41,36,33,206,33
41,26,25,124,27
41,37,37,210,36
41,26,27,135,27
41,34,37,215,33
41,27,26,143,23
41,33,35,216,35
41,23,27,130,26
41,34,37,216,34
41,24,23,136,27
41,35,34,199,33
41,26,23,143,27
41,37,36,203,35
41,25,23,130,24
42,33,35,216,37
42,24,24,131,27
42,34,34,197,36
42,26,25,130,23
42,35,34,216,35
42,26,25,137,26
42,34,35,189,33
42,26,26,128,23
42,34,33,217,34
42,23,26,129,24
42,36,37,190,35
42,24,24,140,25
42,35,34,208,33
42,26,26,126,26
42,33,36,201,34
42,24,24,121,25
42,36,33,198,33
42,24,27,139,25
42,36,34,192,35
42,26,24,129,27
42,37,36,190,36
42,24,25,131,24
42,37,33,208,34
42,27,23,121,25
42,33,37,205,35
42,27,24,136,23
42,36,37,198,35
42,27,26,141,24
42,35,37,210,33
42,27,26,136,23
43,37,37,217,33
43,23,24,143,27
43,33,37,192,33
43,27,27,135,23
43,34,37,191,37
43,25,23,130,27
43,34,34,205,35
43,26,25,147,27
43,36,36,214,34
43,26,27,136,25
43,34,35,189,33
43,25,23,145,26
43,36,35,196,36
43,27,24,146,25
43,33,36,215,36
43,27,25,145,26
43,34,36,195,34
43,24,27,121,25
43,36,37,203,33
43,26,26,140,23
43,35,36,205,33
43,27,24,136,23
43,33,37,196,34
43,25,26,121,23
43,36,35,215,35
43,26,25,139,26
43,34,36,210,33
43,24,25,147,23
43,33,35,215,34
43,27,26,135,27
44,36,34,204,34
44,25,25,148,27
44,33,37,196,34
44,23,23,125,25
44,35,33,203,35
44,25,25,128,25
44,34,33,191,33
44,25,26,140,27
44,34,36,216,36
44,26,24,141,24
44,33,37,189,34
44,26,25,139,25
44,33,33,207,34
44,27,24,125,27
44,34,33,213,33
44,23,23,120,27
44,36,36,207,33
44,23,26,126,26
44,33,33,208,36
44,24,24,125,26
44,33,33,195,33
44,27,24,123,24
44,34,36,213,36
44,26,25,141,27
44,37,35,214,36
44,26,27,131,26
44,34,35,197,34
44,24,27,121,25
44,33,33,199,34
44,24,25,139,27
45,37,36,212,36
45,27,25,146,23
45,34,37,193,37
45,25,26,139,27
45,33,37,208,35
45,24,27,124,26
45,34,33,215,35
45,26,24,130,23
45,37,34,199,36
45,26,25,123,24
45,35,37,201,37
45,24,25,123,23
45,33,36,190,36
45,25,26,130,26
45,37,33,200,33
45,25,26,122,27
45,36,34,211,33
45,26,27,143,27
45,34,35,189,36
45,27,23,148,24
45,37,36,209,36
45,27,24,143,27
45,34,34,214,33
45,24,24,119,24
45,37,37,195,35
45,27,26,127,25
45,36,33,190,33
45,27,26,134,25
45,33,35,210,35
45,27,25,131,24
46,36,37,215,34
46,23,23,129,27
46,34,35,203,36
46,23,27,136,27
46,33,36,217,36
46,26,25,130,23
46,34,36,201,36
46,26,24,146,23
46,37,33,211,33
46,27,27,134,25
46,37,34,217,34
46,24,25,119,27
46,35,35,206,33
46,23,27,123,24
46,33,35,212,36
46,24,26,145,24
46,36,35,202,33
46,26,27,126,24
46,34,36,194,36
46,24,27,129,26
46,36,34,212,33
46,24,27,123,24
46,35,36,211,35
46,24,25,147,24
46,35,33,208,36
46,25,24,128,23
46,35,33,208,36
46,24,26,132,26
46,33,37,209,36
46,26,27,128,23
47,34,37,204,33
47,26,25,128,24
47,37,36,202,34
47,24,26,132,27
47,35,36,213,36
47,24,25,141,27
47,35,35,201,36
47,24,24,145,27
47,37,33,203,36
47,25,27,136,24
47,34,34,215,37
47,25,26,140,23
47,34,34,193,35
47,23,24,135,24
47,35,34,204,34
47,27,25,125,27
47,37,33,207,35
47,27,26,121,26
47,37,34,208,34
47,25,26,131,23
47,33,36,205,36
47,26,24,124,27
47,34,33,193,37
47,27,27,124,27
47,33,33,217,35
47,26,23,135,23
47,34,34,217,36
47,25,24,128,27
47,35,35,193,37
47,26,25,122,27
48,34,35,189,34
48,23,25,127,23
48,36,35,188,33
48,27,26,127,26
48,37,33,193,33
48,23,25,129,24
48,35,35,189,35
48,26,25,121,25
48,37,33,214,34
48,25,23,125,23
48,34,36,200,34
48,25,27,148,26
48,36,37,190,36
48,23,26,147,23
48,34,37,194,36
48,23,25,145,26
48,36,36,206,35
48,25,24,128,24
48,34,34,192,33
48,23,24,139,24
48,37,37,197,35
48,27,25,134,23
48,33,33,207,37
48,27,24,127,25
48,36,33,191,36
48,24,27,147,27
48,37,36,213,36
48,27,23,137,25
48,34,36,205,34
48,25,26,139,27
49,35,35,208,37
49,25,27,137,26
49,36,34,194,35
49,25,25,133,26
49,36,35,189,34
49,23,26,130,25
49,36,33,190,35
49,24,24,144,27
49,36,33,211,37
49,23,24,134,27
49,33,34,204,34
49,24,25,123,25
49,37,36,215,34
49,27,25,126,23
49,35,35,200,37
49,25,23,122,24
49,33,34,211,37
49,24,27,136,24
49,35,33,191,35
49,24,24,142,23
49,35,33,191,35
49,27,27,146,23
49,34,36,203,36
49,24,26,135,23
49,35,37,194,33
49,27,25,135,27
49,35,33,202,34
49,27,25,126,27
49,35,35,204,35
49,25,26,126,27
50,36,33,201,36
50,26,25,142,27
50,37,37,195,37
50,23,25,129,24
50,36,37,199,34
50,26,23,137,25
50,34,36,189,35
50,27,26,130,27
50,36,34,189,33
50,24,25,136,26
50,37,33,210,33
50,26,27,122,25
50,37,36,192,37
50,26,23,131,23
50,37,34,200,35
50,26,23,141,24
50,33,37,189,37
50,25,25,147,25
50,35,34,209,35
50,23,24,130,26
50,35,34,212,37
50,27,26,126,26
50,35,37,189,33
50,25,25,143,23
50,36,36,212,36
50,27,26,124,23
50,36,35,214,33
50,23,27,119,27
50,36,36,212,33
50,23,24,129,24
51,34,35,193,36
51,23,25,141,25
51,37,37,191,34
51,26,25,138,25
51,35,35,213,33
51,27,27,130,23
51,36,37,201,33
51,23,26,130,27
51,36,35,206,35
51,27,23,128,23
51,34,33,188,33
51,27,24,124,25
51,36,35,212,33
51,24,25,133,25
51,37,34,205,35
51,24,27,142,24
51,34,34,206,35
51,23,26,135,27
51,36,33,213,33
51,25,27,126,27
51,37,37,204,36
51,24,26,122,26
51,34,37,206,35
51,26,27,139,23
51,33,35,216,36
51,24,26,147,23
51,33,34,207,37
51,25,26,132,24
51,36,37,208,34
51,23,24,140,27
52,36,35,215,35
52,26,24,136,24
52,37,35,206,36
52,27,24,140,26
52,34,33,197,34
52,24,25,136,23
52,36,35,189,36
52,26,26,147,26
52,35,34,215,36
52,26,27,129,25
52,36,37,190,35
52,26,25,134,24
52,37,35,189,33
52,23,25,135,23
52,35,36,201,33
52,24,26,121,24
52,33,33,209,34
52,24,23,123,26
52,36,36,193,35
52,26,24,120,24
52,36,35,208,34
52,27,26,137,26
52,36,35,204,37
52,25,24,147,26
52,33,34,189,35
52,23,26,131,27
52,33,37,206,34
52,23,24,148,27
52,36,35,197,34
52,27,25,120,23
53,33,35,203,37
53,23,25,127,26
53,37,37,192,33
53,26,23,139,24
53,37,35,215,35
53,27,25,121,25
53,37,35,188,33
53,26,27,126,25
53,33,34,210,33
53,27,27,141,24
53,36,34,216,36
53,23,24,120,24
53,36,33,190,34
53,26,23,140,24
53,37,36,198,37
53,25,27,143,23
53,37,35,209,33
53,25,27,130,23
53,37,37,189,37
53,24,23,119,24
53,37,34,213,37
53,25,27,136,26
53,35,33,195,34
53,26,27,127,24
53,37,34,200,36
53,25,26,135,26
53,33,37,216,34
53,24,25,143,24
53,37,35,217,36
53,24,26,128,26
54,34,34,188,33
54,23,26,133,25
54,34,33,189,35
54,25,26,130,25
54,35,35,194,35
54,23,25,135,24
54,37,36,203,34
54,24,23,120,27
54,37,35,217,35
54,26,23,144,27
54,34,33,210,35
54,27,23,126,24
54,33,33,196,36
54,26,25,141,25
54,33,35,198,35
54,25,27,123,25
54,33,33,211,37
54,26,26,137,27
54,33,36,193,37
54,23,26,131,23
54,37,37,191,36
54,24,27,147,25
54,35,34,193,36
54,27,23,122,24
54,33,34,193,33
54,23,24,134,23
54,36,33,197,36
54,24,24,131,27
54,35,33,207,34
54,24,26,141,26
55,33,35,198,35
55,26,26,135,26
55,34,33,208,35
55,24,23,122,23
55,36,36,217,34
55,23,23,129,26
55,34,35,216,37
55,23,26,135,23
55,33,34,208,33
55,24,27,135,25
55,33,33,204,37
55,24,27,129,23
55,37,35,190,33
55,27,26,135,25
55,37,33,217,37
55,24,24,121,27
55,34,33,211,35
55,27,27,147,26
55,33,37,211,33
55,26,25,141,24
55,37,37,200,33
55,24,23,148,24
55,33,35,203,34
55,27,25,128,24
55,36,34,204,34
55,25,25,143,25
55,36,36,189,34
55,23,27,135,25
55,33,35,209,37
55,26,23,126,26
56,33,35,206,33
56,25,23,145,26
56,36,34,191,36
56,25,24,133,24
56,36,33,194,35
56,24,23,144,26
56,35,34,205,35
56,24,23,121,26
56,36,36,204,33
56,26,26,131,23
56,34,36,208,33
56,24,23,130,24
56,34,35,189,37
56,25,26,135,25
56,33,33,213,34
56,26,27,128,25
56,33,35,205,34
56,23,23,129,25
56,34,33,188,36
56,26,27,146,25
56,34,36,212,37
56,25,27,146,24
56,33,34,197,34
56,24,27,140,24
56,33,37,197,33
56,24,24,144,24
56,36,33,206,37
56,27,23,147,25
56,36,34,209,33
56,27,26,134,23
57,36,36,194,35
57,27,24,141,27
57,33,34,196,35
57,27,27,133,27
57,37,35,205,36
57,26,26,140,23
57,35,34,211,34
57,25,25,134,24
57,35,35,204,33
57,24,23,124,25
57,34,37,199,33
57,27,23,139,27
57,36,35,191,35
57,24,26,126,25
57,35,36,205,37
57,26,25,122,24
57,33,35,216,33
57,25,24,140,23
57,34,37,205,33
57,24,23,119,24
57,34,34,214,36
57,24,25,121,23
57,36,36,196,35
57,25,27,125,25
57,35,36,210,33
57,23,25,144,26
57,35,36,213,33
57,24,23,143,27
57,36,34,204,36
57,26,26,137,25
58,37,36,203,34
58,25,23,122,26
58,36,34,211,36
58,24,26,120,24
58,35,34,204,37
58,26,24,140,24
58,33,34,209,34
58,25,26,146,27
58,35,36,208,37
58,23,26,128,27
58,36,35,191,36
58,26,27,129,24
58,34,34,195,35
58,26,24,140,24
58,34,33,216,34
58,23,27,136,25
58,35,33,202,36
58,27,25,120,24
58,35,34,189,35
58,24,26,121,24
58,36,33,194,35
58,25,27,136,27
58,35,33,192,33
58,24,27,140,27
58,36,34,213,35
58,23,23,121,23
58,37,36,197,36
58,23,25,128,25
58,34,37,203,35
58,25,23,139,24
59,33,36,213,37
59,27,23,123,24
59,36,36,204,36
59,24,27,132,25
59,36,34,198,37
59,27,24,143,25
59,34,34,204,34
59,27,27,138,26
59,35,37,190,34
59,23,27,125,26
59,37,34,215,34
59,27,26,139,26
59,37,34,210,33
59,27,25,140,25
59,35,33,198,33
59,26,25,122,23
59,37,36,217,35
59,23,27,147,25
59,33,37,205,35
59,27,23,142,26
59,35,37,191,35
59,24,23,132,27
59,36,37,191,36
59,23,25,121,25
59,36,37,212,36
59,25,26,128,24
59,37,33,198,36
59,25,24,119,23
59,33,35,198,34
59,23,26,137,25
15,37,66,755,52
15,26,55,683,24
15,36,69,770,51
15,24,56,705,25
15,37,69,763,51
15,25,58,685,25
15,38,69,761,52
15,25,56,707,27
15,39,67,775,53
15,26,58,683,25
15,37,69,761,51
15,26,58,701,27
15,35,68,776,50
15,25,56,705,25
15,39,67,761,50
15,24,56,712,27
15,36,67,769,54
15,27,58,692,23
15,36,68,760,51
15,25,54,699,24
15,35,69,761,51
15,24,58,700,23
15,36,69,774,52
15,26,57,701,24
15,38,67,768,54
15,25,56,694,25
15,37,68,755,53
15,27,57,695,25
15,39,68,779,52
15,24,57,685,25
16,39,70,708,52
16,23,54,618,24
16,35,66,698,50
16,25,55,621,23
16,36,70,691,52
16,25,57,636,25
16,39,67,710,54
16,24,56,621,27
16,35,69,701,51
16,24,56,634,24
16,37,70,704,52
16,26,58,615,27
16,37,69,689,51
16,26,58,642,27
16,36,67,694,52
16,24,55,629,27
16,36,69,711,50
16,27,56,627,23
16,35,66,682,52
16,23,55,630,24
16,35,66,709,52
16,26,55,616,26
16,37,67,703,53
16,27,56,627,27
16,37,67,698,50
16,23,57,636,26
16,39,66,709,50
16,25,58,626,26
16,35,68,683,53
16,23,57,621,23
17,37,70,161,51
17,26,56,88,27
17,37,67,158,52
17,25,55,85,26
17,39,67,157,53
17,25,57,73,23
17,37,68,165,50
17,26,57,85,25
17,37,66,162,50
17,27,55,77,23
17,35,70,160,53
17,24,57,80,27
17,36,68,168,51
17,24,58,98,27
17,38,67,168,51
17,27,54,74,27
17,37,66,168,51
17,25,57,82,26
17,38,68,161,52
17,24,56,84,23
17,38,68,166,50
17,23,56,102,25
17,38,66,159,53
17,26,58,81,25
17,35,68,167,50
17,24,54,97,24
17,38,70,171,52
17,26,54,99,26
17,39,66,168,54
17,23,58,80,26
18,36,70,532,50
18,24,56,477,41
18,38,70,529,52
18,23,57,479,42
18,36,70,543,54
18,26,56,461,38
18,38,67,545,52
18,25,54,457,41
18,36,67,549,50
18,24,54,464,39
18,37,67,545,51
18,26,58,483,41
18,37,70,550,51
18,25,54,459,38
18,36,70,545,52
18,25,57,479,40
18,36,67,555,51
18,22,54,463,40
18,34,66,538,51
18,24,55,480,39
18,36,67,555,50
18,23,58,480,38
18,36,68,528,54
18,26,57,460,38
18,38,70,544,51
18,22,55,480,41
18,36,66,544,52
18,24,54,457,38
18,38,67,541,54
18,22,58,458,39
19,38,70,170,52
19,27,56,99,27
19,37,68,160,54
19,26,55,79,23
19,39,68,145,52
19,26,58,93,26
19,38,68,146,53
19,24,56,81,24
19,35,69,171,54
19,27,55,78,25
19,37,69,154,51
19,26,55,93,24
19,38,66,159,53
19,26,58,88,26
19,38,66,164,52
19,26,54,83,23
19,38,67,149,54
19,27,57,82,26
19,38,67,144,50
19,24,57,99,23
19,37,68,167,51
19,24,55,102,27
19,36,67,163,54
19,23,56,100,26
19,36,68,143,51
19,26,57,85,24
19,37,69,162,53
19,23,54,92,24
19,35,70,159,54
19,24,54,89,25
20,38,66,462,51
20,25,58,400,39
20,36,67,478,50
20,23,58,383,40
20,38,68,478,52
20,25,54,398,42
20,37,66,478,52
20,25,57,383,41
20,34,67,475,52
20,23,54,394,39
20,34,66,455,51
20,26,56,408,38
20,37,66,450,51
20,24,54,390,41
20,36,65,474,53
20,24,54,382,40
20,35,65,466,50
20,24,53,400,40
20,37,69,465,50
20,22,56,394,38
20,34,66,467,52
20,26,56,390,38
20,35,68,456,50
20,23,57,396,39
20,34,66,473,49
20,26,56,400,39
20,38,67,463,50
20,25,55,402,40
20,36,67,464,51
20,22,53,391,38
21,37,69,152,53
21,23,58,77,24
21,36,69,154,53
21,24,56,82,24
21,35,70,148,53
21,26,58,89,27
21,38,69,145,51
21,26,54,84,24
21,38,66,142,53
21,23,55,89,23
21,35,67,161,52
21,23,54,91,24
21,37,70,148,54
21,26,56,80,23
21,38,70,170,50
21,25,56,88,24
21,38,70,153,52
21,24,58,93,24
21,37,66,146,51
21,23,58,81,24
21,35,70,159,52
21,27,56,73,27
21,37,69,145,53
21,26,56,92,23
21,36,68,163,53
21,27,57,85,27
21,35,69,155,50
21,27,57,76,24
21,36,66,144,54
21,27,54,98,26
22,36,69,406,51
22,26,53,357,40
22,35,65,429,51
22,26,54,351,38
22,36,66,429,50
22,24,53,341,38
22,35,68,410,52
22,25,55,362,41
22,37,66,419,51
22,26,55,349,37
22,37,66,409,52
22,23,57,348,39
22,36,69,407,51
22,22,56,353,40
22,34,66,425,52
22,26,57,357,39
22,37,68,414,52
22,22,56,343,41
22,36,69,405,51
22,23,56,363,37
22,34,68,434,52
22,25,56,349,39
22,38,68,422,50
22,24,53,365,41
22,36,66,428,52
22,24,54,343,39
22,35,68,424,52
22,22,56,361,37
22,35,65,411,50
22,22,57,359,41
23,36,66,409,49
23,24,54,362,38
23,37,68,413,53
23,25,55,361,38
23,36,69,429,50
23,24,55,361,40
23,37,69,413,51
23,23,55,365,38
23,38,68,427,50
23,25,55,340,39
23,38,69,410,51
23,26,53,359,40
23,34,67,422,51
23,22,54,362,41
23,34,66,405,50
23,23,56,356,38
23,34,66,411,53
23,26,55,338,37
23,34,66,418,51
23,22,53,338,38
23,37,67,406,50
23,26,54,336,39
23,35,69,405,52
23,23,56,359,38
23,35,67,422,49
23,25,54,365,39
23,36,67,424,53
23,22,57,351,38
23,37,66,413,52
23,26,54,357,38
24,35,69,432,50
24,24,54,349,38
24,35,65,406,49
24,23,56,343,39
24,38,66,421,53
24,23,54,356,38
24,37,65,405,53
24,24,57,343,40
24,37,66,416,50
24,25,55,347,41
24,34,68,418,49
24,23,57,353,38
24,36,68,430,49
24,24,53,358,39
24,35,69,415,50
24,22,53,345,39
24,36,69,405,53
24,23,54,354,37
24,38,67,418,50
24,22,57,353,41
24,37,67,434,52
24,23,55,351,37
24,35,67,409,50
24,24,53,343,39
24,38,69,427,52
24,23,56,339,41
24,35,67,409,53
24,22,53,350,39
24,35,65,422,53
24,25,57,340,38
25,35,67,422,51
25,22,57,365,39
25,34,66,428,51
25,25,56,357,37
25,36,65,410,52
25,23,53,341,39
25,34,67,411,53
25,26,53,354,41
25,37,69,431,49
25,26,53,356,40
25,37,65,411,53
25,24,57,349,39
25,36,69,418,49
25,22,56,364,38
25,35,65,432,52
25,24,57,347,38
25,37,68,416,53
25,24,57,349,41
25,36,68,432,50
25,26,54,349,41
25,37,68,434,51
25,26,57,361,41
25,34,68,409,50
25,24,54,349,41
25,34,68,405,52
25,23,55,337,40
25,37,69,407,53
25,22,57,340,37
25,38,66,411,49
25,25,55,350,37
26,36,67,147,53
26,27,54,74,26
26,39,67,167,51
26,24,54,85,26
26,39,67,142,53
26,27,56,92,27
26,35,68,160,51
26,25,56,82,24
26,38,68,146,50
26,26,55,100,26
26,39,67,167,50
26,27,58,101,23
26,39,70,146,51
26,23,58,76,27
26,38,68,167,51
26,23,58,99,27
26,35,69,146,50
26,23,56,83,27
26,39,67,170,53
26,26,58,84,24
26,35,70,146,51
26,23,56,102,26
26,39,66,160,54
26,27,57,102,27
26,38,70,152,50
26,24,57,93,24
26,39,69,167,52
26,27,58,86,25
26,39,68,158,52
26,23,56,97,24
27,35,69,162,51
27,27,54,83,23
27,35,68,156,51
27,25,54,85,27
27,36,67,161,50
27,23,54,99,27
27,36,66,142,51
27,23,57,79,26
27,38,67,155,52
27,23,54,75,23
27,35,68,149,52
27,25,56,91,23
27,35,68,151,54
27,27,56,88,24
27,38,70,142,52
27,24,58,89,23
27,37,66,143,50
27,26,56,102,25
27,39,68,154,53
27,27,57,102,27
27,38,67,146,54
27,27,56,100,23
27,35,70,169,52
27,23,57,91,25
27,37,66,145,50
27,27,58,79,27
27,38,69,162,54
27,24,56,102,24
27,39,69,142,50
27,25,54,77,25
28,35,65,383,51
28,26,56,300,39
28,37,68,382,53
28,24,56,316,37
28,34,69,393,50
28,22,56,309,37
28,37,68,388,52
28,24,55,305,38
28,35,68,365,52
28,24,56,320,40
28,35,67,378,53
28,23,57,302,38
28,36,65,370,50
28,22,54,297,38
28,36,65,370,50
28,24,55,296,41
28,35,69,364,49
28,24,53,297,39
28,37,66,367,51
28,25,56,315,38
28,35,68,393,49
28,25,53,310,40
28,34,67,385,49
28,26,57,316,41
28,38,65,370,51
28,25,55,313,40
28,35,65,385,50
28,24,53,298,41
28,34,66,392,50
28,23,57,297,37
29,35,65,385,52
29,25,53,311,41
29,35,65,392,50
29,22,57,307,37
29,38,66,388,51
29,23,54,321,38
29,35,66,369,52
29,24,54,322,40
29,38,69,368,49
29,24,55,305,38
29,35,69,379,50
29,22,53,309,41
29,36,66,387,50
29,25,57,305,39
29,35,66,386,53
29,24,57,321,39
29,37,68,376,51
29,26,56,310,37
29,38,69,392,49
29,24,56,297,38
29,37,65,366,53
29,24,55,296,41
29,35,66,379,49
29,22,56,313,39
29,38,68,389,49
29,23,54,319,41
29,35,68,377,49
29,23,57,316,41
29,38,65,377,52
29,25,56,304,40
30,38,65,380,51
30,23,53,303,37
30,36,65,373,52
30,26,57,318,38
30,36,66,374,51
30,25,53,313,38
30,34,68,370,53
30,23,55,305,38
30,36,67,379,51
30,22,57,307,38
30,35,68,384,50
30,23,55,315,38
30,34,68,391,50
30,22,55,308,41
30,34,69,387,49
30,26,54,314,38
30,35,67,370,49
30,23,57,309,38
30,34,67,391,50
30,22,55,312,38
30,35,68,375,53
30,25,55,302,40
30,34,66,373,51
30,25,53,312,41
30,38,66,374,51
30,22,56,319,40
30,37,67,381,49
30,24,56,299,38
30,36,65,393,50
30,26,57,306,39
31,38,66,369,52
31,26,55,311,40
31,36,68,393,52
31,25,57,319,38
31,34,68,367,51
31,25,57,315,37
31,36,65,366,50
31,26,57,321,39
31,37,68,373,49
31,23,53,312,41
31,37,66,388,50
31,24,56,300,40
31,37,65,390,51
31,24,54,316,37
31,36,69,369,52
31,22,55,308,39
31,35,65,376,52
31,24,53,320,39
31,37,68,386,51
31,22,56,298,39
31,38,68,368,53
31,23,53,306,37
31,38,67,379,50
31,22,56,305,39
31,37,67,366,51
31,26,55,321,41
31,37,66,382,53
31,25,54,297,40
31,35,65,369,53
31,24,55,320,37
32,35,67,377,50
32,24,56,308,38
32,35,66,379,52
32,25,56,299,38
32,34,66,375,52
32,23,54,317,41
32,35,66,369,51
32,23,57,296,40
32,35,65,382,51
32,25,55,318,37
32,34,68,371,51
32,22,53,299,40
32,35,66,385,52
32,24,54,300,39
32,38,65,380,53
32,22,54,311,37
32,36,65,384,50
32,25,53,301,37
32,36,69,369,52
32,25,56,312,39
32,34,69,366,50
32,25,54,295,37
32,34,65,382,52
32,22,57,303,40
32,36,69,392,52
32,23,54,322,39
32,34,65,384,52
32,25,54,318,39
32,36,66,373,53
32,26,56,322,40
33,35,66,381,50
33,26,54,307,41
33,34,66,367,52
33,23,53,295,40
33,38,65,372,50
33,25,56,308,37
33,36,69,387,53
33,25,55,320,38
33,38,66,376,49
33,24,57,324,39
33,36,66,375,53
33,22,54,317,37
33,34,66,372,52
33,25,53,307,40
33,36,66,367,52
33,23,57,307,40
33,35,68,372,52
33,24,53,321,40
33,38,69,370,53
33,25,57,322,37
33,37,65,378,50
33,24,53,313,41
33,35,68,392,52
33,22,56,304,37
33,35,66,390,51
33,22,57,323,41
33,37,67,378,52
33,26,56,304,38
33,38,68,366,52
33,22,55,317,37
34,34,69,376,52
34,22,53,297,38
34,36,68,370,53
34,24,55,301,41
34,37,65,382,52
34,25,53,321,37
34,35,65,384,51
34,22,53,301,41
34,36,66,388,53
34,23,55,304,38
34,36,66,369,53
34,26,53,296,37
34,36,66,378,52
34,23,56,314,41
34,36,68,366,49
34,24,54,301,40
34,37,67,367,51
34,23,56,315,40
34,37,65,372,52
34,23,54,297,37
34,34,69,379,51
34,24,55,301,37
34,37,68,376,50
34,23,56,305,39
34,35,68,391,51
34,23,57,309,41
34,34,68,375,50
34,22,56,304,39
34,35,66,386,51
34,22,54,317,40
35,36,68,381,52
35,25,57,297,38
35,35,67,369,52
35,25,54,315,40
35,35,65,372,49
35,23,55,324,37
35,37,65,393,50
35,24,55,303,37
35,37,69,364,49
35,23,57,313,38
35,37,69,374,51
35,22,55,299,38
35,38,69,365,49
35,22,54,299,41
35,35,67,375,51
35,23,55,309,41
35,34,66,368,53
35,24,57,318,39
35,36,65,379,53
35,23,53,299,40
35,36,69,368,52
35,26,54,307,40
35,38,66,377,51
35,26,54,314,37
35,38,66,377,53
35,22,57,300,39
35,37,68,387,53
35,26,56,316,40
35,35,66,368,53
35,24,54,314,37
36,35,66,392,50
36,24,53,312,40
36,35,68,383,52
36,24,53,314,37
36,37,69,388,52
36,23,56,311,39
36,37,69,382,49
36,25,55,324,37
36,35,69,376,51
36,22,56,313,38
36,37,69,366,53
36,26,53,316,41
36,35,65,368,50
36,26,54,305,40
36,37,66,375,53
36,22,57,324,37
36,35,68,385,51
36,25,55,299,39
36,38,69,388,53
36,22,54,305,41
36,34,66,381,50
36,26,53,310,40
36,36,69,364,53
36,23,55,300,41
36,37,67,383,49
36,25,53,296,40
36,36,65,369,50
36,24,54,322,40
36,34,65,364,51
36,24,56,317,41
37,38,69,391,50
37,26,56,313,40
37,38,69,375,51
37,24,56,324,41
37,34,66,379,52
37,26,54,320,38
37,38,68,378,50
37,24,56,299,38
37,36,68,388,53
37,25,57,321,39
37,34,66,370,51
37,25,56,322,37
37,35,66,366,53
37,22,54,297,41
37,34,66,386,49
37,25,53,306,39
37,38,66,391,49
37,25,57,318,38
37,35,66,372,51
37,24,55,296,41
37,38,69,365,49
37,25,55,297,41
37,37,67,389,49
37,23,56,300,37
37,34,67,376,50
37,23,54,314,38
37,37,66,366,49
37,24,55,309,40
37,34,69,377,51
37,26,55,306,41
38,38,67,380,53
38,23,56,320,41
38,37,69,382,49
38,26,54,301,38
38,36,69,386,49
38,25,55,316,38
38,35,68,381,51
38,23,54,322,38
38,36,65,377,51
38,25,55,305,37
38,35,65,383,50
38,23,54,311,39
38,36,67,374,52
38,24,56,322,40
38,36,65,392,52
38,24,55,299,41
38,36,68,374,52
38,26,56,305,38
38,36,69,372,52
38,24,54,310,38
38,37,66,369,50
38,26,53,304,41
38,36,66,372,53
38,24,53,304,37
38,36,68,370,49
38,25,57,296,38
38,38,68,368,52
38,25,55,321,39
38,34,65,375,52
38,24,57,304,37
39,37,66,376,49
39,22,56,308,37
39,38,66,376,53
39,23,53,296,37
39,34,66,382,53
39,26,57,317,41
39,36,65,393,51
39,22,53,321,41
39,37,68,369,53
39,24,57,303,39
39,37,66,369,52
39,23,57,315,41
39,35,66,375,53
39,22,57,324,41
39,36,66,389,49
39,25,53,320,39
39,37,65,364,49
39,25,53,314,38
39,34,66,370,49
39,22,57,306,40
39,35,66,365,53
39,26,56,313,40
39,37,69,377,52
39,25,54,322,40
39,37,68,377,51
39,26,56,315,39
39,36,65,379,53
39,23,57,314,40
39,35,69,367,51
39,25,57,301,37
40,35,65,385,53
40,25,57,297,41
40,38,65,390,49
40,24,55,296,38
40,35,66,377,53
40,22,55,318,38
40,38,67,378,50
40,24,56,301,41
40,35,68,376,51
40,26,53,321,37
40,34,66,380,50
40,25,55,314,41
40,37,69,393,49
40,22,54,324,37
40,35,68,378,50
40,22,57,305,39
40,34,66,372,50
40,22,57,309,39
40,38,68,393,52
40,24,54,320,40
40,36,67,386,52
40,24,57,309,38
40,38,66,367,49
40,22,56,317,41
40,36,69,393,51
40,26,54,297,40
40,36,68,374,51
40,25,56,315,38
40,36,65,386,53
40,22,57,313,41
41,37,67,393,53
41,25,55,322,38
41,36,65,364,49
41,26,55,315,40
41,36,67,381,52
41,24,54,316,41
41,35,65,390,53
41,23,55,317,40
41,36,69,376,52
41,22,56,315,39
41,37,65,365,49
41,22,54,317,40
41,34,65,366,53
41,24,55,309,39
41,35,65,371,51
41,24,53,310,38
41,38,68,375,50
41,23,55,305,37
41,35,65,371,53
41,24,53,300,37
41,38,68,392,51
41,23,55,302,41
41,36,65,370,51
41,25,53,298,39
41,35,65,370,52
41,25,57,304,40
41,36,68,368,53
41,25,56,306,37
41,38,66,368,49
41,24,56,301,38
42,34,67,369,51
42,26,57,320,38
42,38,69,372,51
42,24,56,306,40
42,37,68,370,52
42,24,56,324,41
42,38,67,390,53
42,25,56,299,39
42,35,66,377,49
42,25,54,319,39
42,35,65,369,51
42,26,54,314,41
42,37,68,365,50
42,22,54,297,40
42,38,68,392,50
42,24,53,305,41
42,34,65,382,51
42,25,57,322,38
42,35,65,383,52
42,23,55,298,41
42,38,69,376,53
42,23,55,312,41
42,38,65,365,53
42,24,55,313,37
42,36,68,371,51
42,24,56,306,39
42,37,65,372,51
42,24,54,297,37
42,35,67,369,49
42,23,55,305,40
43,36,69,380,52
43,25,54,295,40
43,37,66,383,50
43,23,57,317,41
43,37,69,385,52
43,24,55,304,40
43,37,67,379,50
43,22,56,317,39
43,34,68,378,50
43,23,57,302,39
43,38,66,385,53
43,24,56,295,39
43,38,65,368,49
43,25,56,312,37
43,35,69,383,52
43,22,56,308,41
43,35,69,386,52
43,22,57,311,41
43,36,65,374,52
43,23,55,324,38
43,37,67,365,52
43,22,53,305,37
43,36,65,381,50
43,24,55,315,40
43,34,69,365,53
43,26,57,313,40
43,35,65,383,51
43,26,53,303,39
43,36,68,389,52
43,22,57,320,39
44,36,69,388,53
44,24,57,298,39
44,36,69,363,51
44,24,54,311,41
44,34,66,367,52
44,22,53,295,37
44,38,69,366,49
44,24,53,301,37
44,38,68,368,49
44,23,54,307,37
44,34,67,364,53
44,22,54,312,38
44,36,69,379,51
44,22,54,304,40
44,37,68,386,50
44,25,55,303,39
44,36,67,380,51
44,25,57,303,41
44,34,68,384,52
44,22,55,315,39
44,38,68,388,51
44,26,56,298,41
44,34,65,363,53
44,24,57,315,41
44,37,67,384,49
44,22,53,318,38
44,35,66,386,50
44,24,53,315,40
44,36,65,386,51
44,24,54,323,40
45,38,67,388,49
45,23,57,316,38
45,37,68,371,49
45,24,57,314,41
45,35,69,392,51
45,26,54,296,37
45,36,66,364,49
45,25,55,300,40
45,37,66,384,50
45,25,56,295,41
45,38,67,385,50
45,23,54,297,39
45,35,65,369,53
45,24,57,297,37
45,37,66,374,52
45,25,53,294,40
45,36,65,378,50
45,24,54,302,41
45,35,67,367,51
45,26,55,315,37
45,35,66,378,49
45,25,55,319,40
45,38,69,382,51
45,24,54,300,38
45,34,67,370,51
45,22,55,308,37
45,35,66,371,50
45,23,54,315,41
45,34,67,375,50
45,24,55,295,41
46,35,65,392,50
46,23,56,304,39
46,36,68,363,53
46,25,54,295,38
46,36,66,377,49
46,22,55,297,40
46,34,69,379,53
46,26,53,322,39
46,34,68,388,52
46,26,57,311,40
46,37,65,391,53
46,22,54,311,38
46,35,67,373,49
46,23,54,322,39
46,36,67,392,50
46,25,55,303,40
46,38,66,389,49
46,22,54,314,38
46,37,67,364,50
46,25,55,313,40
46,37,66,380,51
46,23,56,323,37
46,37,68,363,52
46,25,54,318,39
46,36,68,392,52
46,22,56,305,40
46,35,69,376,50
46,26,56,316,40
46,36,65,387,53
46,25,56,299,41
47,36,66,368,49
47,24,55,323,40
47,38,67,363,52
47,26,54,300,39
47,38,66,372,51
47,26,55,310,39
47,38,66,381,53
47,22,53,320,40
47,36,69,391,50
47,25,53,300,41
47,34,67,363,53
47,25,57,312,41
47,34,66,383,51
47,22,53,322,38
47,35,68,371,52
47,22,53,306,37
47,36,69,369,49
47,23,54,304,38
47,37,65,385,51
47,22,55,313,39
47,37,69,389,53
47,26,54,313,38
47,34,66,384,52
47,22,56,297,40
47,38,65,383,53
47,23,54,303,37
47,35,69,367,52
47,23,56,316,38
47,34,69,367,53
47,26,53,320,39
48,34,68,366,49
48,23,53,309,38
48,36,65,363,49
48,26,56,308,41
48,34,66,371,49
48,26,57,302,37
48,34,65,379,52
48,26,56,310,39
48,34,68,371,53
48,25,54,309,37
48,37,69,369,50
48,26,53,307,37
48,38,66,380,51
48,25,57,303,39
48,34,67,363,50
48,26,57,314,39
48,34,67,368,51
48,25,53,307,38
48,37,65,385,52
48,23,55,305,38
48,38,67,381,50
48,26,53,323,40
48,38,68,369,49
48,23,57,312,40
48,36,68,384,52
48,23,57,307,40
48,36,65,365,52
48,26,57,318,38
48,35,67,386,53
48,25,56,305,40
49,34,68,386,50
49,24,54,319,41
49,36,67,364,50
49,25,54,297,39
49,38,69,374,51
49,22,57,302,39
49,35,69,374,51
49,25,55,322,40
49,34,68,370,51
49,26,53,322,38
49,36,68,370,51
49,25,54,305,38
49,35,65,363,51
49,25,56,320,41
49,36,66,367,53
49,23,55,308,37
49,38,67,377,50
49,26,55,323,41
49,36,65,386,52
49,26,55,301,37
49,35,65,385,50
49,24,55,317,41
49,34,65,390,52
49,23,56,319,38
49,35,69,382,49
49,24,55,319,37
49,36,65,363,51
49,26,54,299,38
49,37,69,384,53
49,25,54,320,40
50,35,66,378,49
50,26,57,321,38
50,36,66,389,52
50,26,55,295,37
50,38,66,377,51
50,22,57,309,40
50,35,67,392,51
50,23,57,302,40
50,34,69,392,52
50,24,55,303,38
50,34,67,384,53
50,22,53,309,37
50,38,66,379,51
50,26,56,303,38
50,36,65,375,53
50,22,55,315,41
50,36,65,373,51
50,23,55,310,40
50,35,67,372,53
50,25,57,295,41
50,37,66,370,50
50,26,57,321,41
50,37,69,385,52
50,23,57,303,38
50,37,66,384,49
50,25,56,297,38
50,37,69,369,52
50,25,53,299,38
50,34,69,392,49
50,26,54,313,37
51,36,66,368,49
51,23,54,308,39
51,38,69,371,49
51,22,56,302,38
51,34,65,373,49
51,22,57,300,39
51,34,65,387,52
51,25,53,309,40
51,36,67,377,49
51,22,54,320,37
51,35,68,392,51
51,25,56,308,39
51,34,65,390,49
51,26,55,313,38
51,35,66,380,51
51,26,57,302,39
51,35,69,379,53
51,23,53,307,38
51,35,65,391,50
51,24,54,305,37
51,35,66,387,50
51,26,57,310,40
51,36,65,366,52
51,23,56,314,41
51,38,67,369,51
51,22,55,313,38
51,38,65,383,53
51,25,54,302,37
51,36,69,386,51
51,23,53,311,37
52,35,67,372,52
52,22,53,322,38
52,36,69,363,53
52,25,57,312,40
52,38,69,380,51
52,25,53,322,40
52,37,68,389,50
52,22,57,312,40
52,34,67,364,51
52,25,56,319,39
52,35,66,375,51
52,23,55,297,40
52,38,68,381,53
52,24,57,307,38
52,38,68,363,49
52,26,56,302,40
52,37,68,388,49
52,24,56,311,38
52,37,65,371,52
52,23,56,301,41
52,36,65,385,52
52,26,55,317,39
52,36,68,373,53
52,26,55,312,40
52,34,68,370,50
52,24,56,305,39
52,35,65,378,51
52,24,54,313,37
52,35,69,364,50
52,24,54,297,40
53,34,68,384,52
53,23,56,322,38
53,36,65,391,51
53,26,53,296,41
53,37,67,378,51
53,26,54,302,39
53,34,66,373,51
53,24,57,314,41
53,37,68,381,52
53,22,56,320,37
53,38,69,365,49
53,25,55,322,40
53,37,68,369,49
53,23,54,299,40
53,38,67,383,50
53,25,53,314,37
53,34,65,391,53
53,24,53,296,39
53,34,67,368,52
53,23,55,317,37
53,37,66,378,51
53,24,56,306,41
53,34,65,385,52
53,24,56,296,38
53,37,68,371,51
53,24,56,306,40
53,38,65,387,49
53,25,57,318,37
53,36,67,369,49
53,26,55,297,38
54,37,67,370,49
54,25,54,309,37
54,38,68,367,49
54,22,53,322,37
54,37,69,365,50
54,22,56,303,39
54,37,68,374,51
54,23,53,323,38
54,38,65,376,52
54,23,54,323,41
54,35,69,392,50
54,25,54,306,37
54,38,68,374,49
54,25,54,307,37
54,34,68,375,52
54,25,57,323,38
54,37,65,383,49
54,26,53,306,41
54,35,67,389,52
54,25,56,296,38
54,38,66,378,52
54,26,56,299,41
54,36,66,390,50
54,22,53,310,40
54,38,69,364,51
54,24,54,311,40
54,38,65,381,49
54,26,54,294,38
54,35,66,372,51
54,25,57,323,39
55,34,67,389,49
55,24,55,312,40
55,38,65,365,49
55,23,53,297,40
55,36,68,379,50
55,23,56,303,41
55,36,66,373,53
55,23,56,311,40
55,36,65,378,49
55,24,57,300,37
55,38,66,382,51
55,23,55,318,38
55,38,67,381,50
55,23,56,298,41
55,38,67,384,53
55,26,55,299,40
55,35,67,375,51
55,25,56,315,38
55,37,68,381,49
55,26,53,317,41
55,38,66,386,51
55,25,54,311,37
55,34,68,372,51
55,25,57,305,37
55,35,65,365,49
55,22,55,304,37
55,37,69,368,51
55,24,53,308,38
55,36,65,369,53
55,24,55,317,37
56,36,69,379,49
56,23,55,295,40
56,34,69,380,52
56,26,56,322,41
56,34,65,369,50
56,24,55,317,39
56,36,69,370,49
56,26,56,300,41
56,34,68,392,51
56,23,57,294,38
56,34,65,384,52
56,24,54,322,37
56,36,67,369,49
56,22,53,295,40
56,35,67,387,51
56,23,53,307,38
56,36,69,384,52
56,24,54,321,40
56,34,69,377,52
56,23,53,315,37
56,38,69,366,49
56,23,54,316,39
56,37,65,364,52
56,25,55,319,37
56,34,65,376,51
56,25,54,309,41
56,36,68,388,51
56,22,56,314,38
56,36,68,366,50
56,23,54,323,37
57,36,65,383,49
57,23,53,308,38
57,35,66,381,49
57,23,53,299,40
57,37,67,366,52
57,26,54,294,37
57,38,65,382,53
57,25,54,321,41
57,38,65,365,49
57,23,56,312,39
57,35,67,384,49
57,25,54,294,37
57,34,68,383,52
57,24,57,318,39
57,38,65,374,49
57,26,55,314,41
57,36,67,382,53
57,22,54,319,39
57,36,67,390,52
57,26,54,316,38
57,37,67,366,53
57,24,53,301,37
57,37,67,388,51
57,22,57,295,39
57,37,66,384,50
57,22,56,301,38
57,35,67,365,50
57,22,54,323,41
57,38,65,370,49
57,22,54,321,38
58,37,69,374,50
58,26,56,313,37
58,35,67,368,49
58,25,53,297,37
58,38,69,379,53
58,23,55,297,40
58,34,67,372,51
58,24,54,303,37
58,38,66,384,50
58,24,54,313,39
58,35,66,383,49
58,23,56,306,38
58,37,68,368,51
58,25,53,314,39
58,35,66,385,51
58,24,57,314,39
58,36,69,376,53
58,22,56,315,38
58,37,65,390,50
58,26,54,314,38
58,37,69,390,52
58,26,53,295,37
58,36,69,391,51
58,23,54,298,39
58,38,65,385,49
58,22,55,306,41
58,35,67,392,52
58,23,54,307,39
58,37,69,382,51
58,24,53,314,39
59,36,65,386,50
59,25,54,313,41
59,38,69,384,52
59,24,53,300,40
59,37,67,376,50
59,26,56,297,41
59,38,69,385,53
59,26,53,306,38
59,34,66,376,50
59,24,56,295,41
59,37,69,391,52
59,22,54,317,39
59,36,69,389,50
59,24,53,296,37
59,36,67,377,50
59,22,56,306,39
59,34,67,379,53
59,26,56,307,39
59,36,65,391,51
59,24,54,321,39
59,37,65,379,52
59,24,56,312,37
59,37,69,368,50
59,24,56,323,39
59,38,66,371,51
59,25,54,298,38
59,38,65,366,52
59,22,55,311,37
59,36,65,373,51
59,26,56,297,39
15,186,186,428,52
16,155,155,427,52
17,31,31,61,13
19,31,31,92,13
21,31,31,61,13
26,31,31,117,26
27,31,31,61,13
15,186,186,366,52
16,155,155,305,52
17,31,31,61,13
19,31,31,64,13
21,31,31,61,13
26,31,31,61,13
27,31,31,61,13
15,186,186,732,52
16,155,155,662,52
17,31,31,122,9
19,31,31,122,26
21,31,31,122,26
26,31,31,122,26
27,31,31,122,26
